data,hora,codigo,cpf
2023-07-15,10:00,3,30000000000
2024-11-28,11:00,1,40000000000
2022-09-03,12:00,4,10000000000
2024-06-02,13:00,2,20000000000
2024-03-19,14:00,5,00000000000
2024-04-24,10:00,1,40000000000
2024-08-12,11:00,2,30000000000
2023-12-07,12:00,4,10000000000
2024-09-29,13:00,5,20000000000
2024-02-09,14:00,3,00000000000
2024-04-26,10:00,5,10000000000
2022-12-31,11:00,2,40000000000
2023-10-18,12:00,4,30000000000
2024-05-05,13:00,1,20000000000
2024-01-25,14:00,3,40000000000
2024-04-27,10:00,2,10000000000
2023-06-11,11:00,5,30000000000
2024-07-21,12:00,1,20000000000
2024-04-28,13:00,4,40000000000
2023-08-14,14:00,3,00000000000

